query_id,predicted_pd_cf,pd_cf_lower_90,pd_cf_upper_90
q00000,0.2555093327839735,0.16550933278397348,0.34550933278397344
q00001,0.12145371915745477,0.031453719157454776,0.21145371915745476
q00002,0.2555093327839735,0.16550933278397348,0.34550933278397344
q00003,0.6775156346917923,0.5875156346917924,0.7675156346917923
q00004,0.8665808578028429,0.7765808578028429,0.9565808578028429
q00005,0.7478778184360232,0.6578778184360232,0.8378778184360232
q00006,0.20125815397602395,0.11125815397602395,0.29125815397602395
q00007,0.37499985480855047,0.2849998548085505,0.46499985480855044
q00008,0.22947538373063125,0.13947538373063126,0.3194753837306312
q00009,0.11297108850887239,0.02297108850887239,0.20297108850887238
q00010,0.13584247279480585,0.045842472794805855,0.22584247279480585
q00011,0.1360290722152044,0.046029072215204414,0.2260290722152044
q00012,0.20158762597049887,0.11158762597049887,0.29158762597049886
q00013,0.23812772759860493,0.14812772759860493,0.3281277275986049
q00014,0.24184736261010556,0.15184736261010556,0.33184736261010556
q00015,0.09314910678839845,0.0031491067883984564,0.18314910678839846
q00016,0.10387585422297635,0.013875854222976353,0.19387585422297635
q00017,0.12182425040133513,0.03182425040133513,0.21182425040133512
q00018,0.3935738882503531,0.30357388825035314,0.4835738882503531
q00019,0.4026500038061246,0.3126500038061246,0.49265000380612456
q00020,0.3817411467659558,0.29174114676595575,0.4717411467659558
q00021,0.14579648116592506,0.05579648116592506,0.23579648116592505
q00022,0.1759508579125856,0.08595085791258561,0.2659508579125856
q00023,0.11550708700547498,0.02550708700547498,0.205507087005475
q00024,0.22068366548230814,0.13068366548230814,0.31068366548230814
q00025,0.2392909900280383,0.1492909900280383,0.3292909900280383
q00026,0.22924726811148907,0.13924726811148908,0.31924726811148907
q00027,0.1087215982211783,0.018721598221178304,0.1987215982211783
q00028,0.11672377308807583,0.02672377308807583,0.20672377308807582
q00029,0.11672377308807583,0.02672377308807583,0.20672377308807582
q00030,0.8767816655205506,0.7867816655205506,0.9667816655205506
q00031,0.8657849083888516,0.7757849083888516,0.9557849083888516
q00032,0.7688386581025924,0.6788386581025925,0.8588386581025924
q00033,0.24183172947345713,0.15183172947345713,0.3318317294734571
q00034,0.2199442456828523,0.12994424568285232,0.3099442456828523
q00035,0.2519090381746484,0.16190903817464838,0.34190903817464835
q00036,0.2882840066127597,0.19828400661275972,0.37828400661275974
q00037,0.31061847475412163,0.22061847475412164,0.4006184747541216
q00038,0.29840441601909223,0.20840441601909224,0.38840441601909226
q00039,0.09752986035154801,0.007529860351548012,0.187529860351548
q00040,0.09732336190357638,0.007323361903576381,0.18732336190357637
q00041,0.09722339614112255,0.007223396141122551,0.18722339614112254
q00042,0.052199253970584544,0.0,0.14219925397058453
q00043,0.05045801750227716,0.0,0.14045801750227715
q00044,0.04985688201917424,0.0,0.13985688201917423
q00045,0.1706066284068155,0.08060662840681551,0.2606066284068155
q00046,0.2636523072635787,0.1736523072635787,0.35365230726357866
q00047,0.15332763780827216,0.06332763780827216,0.24332763780827216
q00048,0.4576418702243789,0.3676418702243789,0.5476418702243789
q00049,0.4550378350332649,0.3650378350332649,0.5450378350332649
q00050,0.47137859217520034,0.3813785921752003,0.5613785921752004
q00051,0.7910440606747852,0.7010440606747852,0.8810440606747851
q00052,0.7910440606747852,0.7010440606747852,0.8810440606747851
q00053,0.7910440606747852,0.7010440606747852,0.8810440606747851
q00054,0.23244507732592568,0.14244507732592568,0.32244507732592564
q00055,0.2624984435143702,0.1724984435143702,0.3524984435143702
q00056,0.2253755784577724,0.1353755784577724,0.3153755784577724
q00057,0.3353762131038974,0.24537621310389743,0.4253762131038974
q00058,0.3346764662566531,0.2446764662566531,0.4246764662566531
q00059,0.3346764662566531,0.2446764662566531,0.4246764662566531
q00060,0.4450468305805029,0.3550468305805029,0.5350468305805028
q00061,0.6155512010172187,0.5255512010172187,0.7055512010172187
q00062,0.6414372376233419,0.551437237623342,0.7314372376233419
q00063,0.09614118188184818,0.006141181881848187,0.1861411818818482
q00064,0.09893425508363654,0.008934255083636544,0.18893425508363654
q00065,0.1933570992103126,0.10335709921031261,0.2833570992103126
q00066,0.2695524374661746,0.17955243746617458,0.3595524374661746
q00067,0.17308816185041823,0.08308816185041823,0.2630881618504182
q00068,0.28216241519199825,0.19216241519199825,0.3721624151919982
q00069,0.3110079481764468,0.22100794817644678,0.4010079481764468
q00070,0.40072754210429806,0.3107275421042981,0.49072754210429803
q00071,0.3110079481764468,0.22100794817644678,0.4010079481764468
q00072,0.07834202124497354,0.0,0.16834202124497355
q00073,0.08363625812290591,0.0,0.1736362581229059
q00074,0.08641787188734872,0.0,0.1764178718873487
q00075,0.6448755503435969,0.5548755503435969,0.7348755503435969
q00076,0.739377406532585,0.649377406532585,0.829377406532585
q00077,0.45893064896605823,0.3689306489660582,0.5489306489660583
q00078,0.529714225225174,0.439714225225174,0.6197142252251739
q00079,0.43278710687929733,0.34278710687929737,0.5227871068792973
q00080,0.4932298516754592,0.4032298516754592,0.5832298516754592
q00081,0.33608129578718887,0.24608129578718888,0.4260812957871889
q00082,0.30702970993453765,0.21702970993453766,0.3970297099345377
q00083,0.3324216833220603,0.2424216833220603,0.4224216833220603
q00084,0.10528714714966987,0.015287147149669875,0.19528714714966988
q00085,0.0807800863497815,0.0,0.17078008634978148
q00086,0.08214300153533258,0.0,0.17214300153533257
q00087,0.14097297772677658,0.050972977726776586,0.23097297772677658
q00088,0.13780967191622684,0.04780967191622684,0.22780967191622684
q00089,0.14956440517973182,0.05956440517973183,0.23956440517973182
q00090,0.09443058261905857,0.004430582619058571,0.18443058261905856
q00091,0.1171745732611366,0.027174573261136606,0.20717457326113659
q00092,0.09500208396617063,0.005002083966170634,0.18500208396617063
q00093,0.5775597444988334,0.48755974449883344,0.6675597444988334
q00094,0.5032449190286328,0.4132449190286328,0.5932449190286327
q00095,0.5709787416731723,0.48097874167317234,0.6609787416731723
q00096,0.15601024186565937,0.06601024186565937,0.24601024186565937
q00097,0.1530534412451464,0.06305344124514639,0.24305344124514638
q00098,0.15150030106691267,0.06150030106691268,0.24150030106691267
q00099,0.13506530578055856,0.04506530578055856,0.22506530578055856
q00100,0.13462415667356656,0.04462415667356656,0.22462415667356656
q00101,0.15889454965827754,0.06889454965827754,0.24889454965827754
q00102,0.0648789015148555,0.0,0.1548789015148555
q00103,0.08914120925497221,0.0,0.1791412092549722
q00104,0.06941745876215172,0.0,0.15941745876215171
q00105,0.1061563418794451,0.016156341879445105,0.19615634187944508
q00106,0.10349199781260503,0.01349199781260503,0.193491997812605
q00107,0.1000021173847374,0.0100021173847374,0.19000211738473738
q00108,0.537175752428639,0.44717575242863905,0.627175752428639
q00109,0.5244613066566831,0.43446130665668314,0.6144613066566831
q00110,0.5241597387494895,0.43415973874948954,0.6141597387494895
q00111,0.09726509032294425,0.0072650903229442565,0.18726509032294425
q00112,0.0906179374478808,0.0006179374478808008,0.1806179374478808
q00113,0.10925062410322967,0.01925062410322967,0.19925062410322966
q00114,0.16742041558003373,0.07742041558003374,0.2574204155800337
q00115,0.1697947818570468,0.0797947818570468,0.2597947818570468
q00116,0.16944570661360767,0.07944570661360767,0.25944570661360766
q00117,0.7377262337348779,0.6477262337348779,0.8277262337348779
q00118,0.62247262478284,0.5324726247828401,0.71247262478284
q00119,0.7294524791819711,0.6394524791819711,0.8194524791819711
q00120,0.1558488158673692,0.06584881586736921,0.2458488158673692
q00121,0.14256027430352117,0.05256027430352117,0.23256027430352116
q00122,0.15240015331696086,0.06240015331696086,0.24240015331696085
q00123,0.660448406041844,0.570448406041844,0.7504484060418439
q00124,0.7993204015609322,0.7093204015609322,0.8893204015609322
q00125,0.6329018589268463,0.5429018589268463,0.7229018589268462
q00126,0.7196024274746483,0.6296024274746483,0.8096024274746483
q00127,0.7197666293214469,0.6297666293214469,0.8097666293214468
q00128,0.8503818224966838,0.7603818224966838,0.9403818224966838
q00129,0.47492840012120224,0.3849284001212022,0.5649284001212023
q00130,0.4603605262043833,0.3703605262043833,0.5503605262043832
q00131,0.47953918252357086,0.3895391825235709,0.5695391825235708
q00132,0.531797005370991,0.441797005370991,0.6217970053709909
q00133,0.5027425118997909,0.41274251189979094,0.5927425118997909
q00134,0.49988399388634885,0.4098839938863489,0.5898839938863488
q00135,0.25862622735982305,0.16862622735982305,0.34862622735982307
q00136,0.2724468962426103,0.18244689624261032,0.3624468962426103
q00137,0.2580653188359472,0.1680653188359472,0.34806531883594716
q00138,0.38912377971672835,0.2991237797167283,0.47912377971672837
q00139,0.3836525400930358,0.29365254009303576,0.4736525400930358
q00140,0.383107555380014,0.293107555380014,0.47310755538001403
q00141,0.16814343739375662,0.07814343739375662,0.2581434373937566
q00142,0.41706800300529895,0.3270680030052989,0.507068003005299
q00143,0.3957742532893755,0.30577425328937546,0.4857742532893755
q00144,0.1704779852400213,0.08047798524002131,0.2604779852400213
q00145,0.15759174942137133,0.06759174942137133,0.24759174942137133
q00146,0.23532570721521973,0.14532570721521973,0.3253257072152197
q00147,0.10133645978147317,0.011336459781473171,0.19133645978147318
q00148,0.09506800293013959,0.005068002930139592,0.18506800293013959
q00149,0.10709902046919342,0.017099020469193427,0.19709902046919342
q00150,0.9685222322522856,0.8785222322522857,1.0
q00151,0.9199612059114782,0.8299612059114783,1.0
q00152,0.886159457166931,0.796159457166931,0.976159457166931
q00153,0.24864373265207093,0.15864373265207093,0.33864373265207093
q00154,0.24864373265207093,0.15864373265207093,0.33864373265207093
q00155,0.2551020936186969,0.1651020936186969,0.3451020936186969
q00156,0.8196986040816344,0.7296986040816344,0.9096986040816344
q00157,0.7734604151902189,0.6834604151902189,0.8634604151902189
q00158,0.8196986040816344,0.7296986040816344,0.9096986040816344
q00159,0.18834402361443772,0.09834402361443773,0.2783440236144377
q00160,0.11416153530313637,0.024161535303136375,0.20416153530313635
q00161,0.18558033897545156,0.09558033897545157,0.27558033897545153
q00162,0.12443251988346146,0.034432519883461465,0.21443251988346146
q00163,0.10099639735430453,0.010996397354304535,0.19099639735430451
q00164,0.12792768570894295,0.03792768570894295,0.21792768570894294
q00165,0.5523184741014368,0.4623184741014368,0.6423184741014367
q00166,0.55292690488166,0.46292690488166,0.6429269048816599
q00167,0.544403959074084,0.45440395907408404,0.634403959074084
q00168,0.10855672091982471,0.018556720919824715,0.1985567209198247
q00169,0.0975848378613297,0.007584837861329699,0.18758483786132968
q00170,0.09998984182595004,0.009989841825950044,0.18998984182595002
q00171,0.15392505307095086,0.06392505307095087,0.24392505307095086
q00172,0.47401984593969154,0.3840198459396915,0.5640198459396916
q00173,0.22311221751293114,0.13311221751293115,0.31311221751293117
q00174,0.3063096950734663,0.21630969507346628,0.39630969507346625
q00175,0.23393134531642268,0.14393134531642268,0.32393134531642265
q00176,0.28272298312512567,0.19272298312512567,0.37272298312512564
q00177,0.5579760570615565,0.46797605706155654,0.6479760570615565
q00178,0.5656262190301206,0.4756262190301206,0.6556262190301205
q00179,0.514949207860468,0.4249492078604681,0.604949207860468
q00180,0.3623629647268341,0.2723629647268341,0.4523629647268341
q00181,0.3893115721045266,0.29931157210452664,0.4793115721045266
q00182,0.2686469373307556,0.17864693733075562,0.3586469373307556
q00183,0.5850049901947353,0.4950049901947353,0.6750049901947353
q00184,0.5832428611568017,0.4932428611568017,0.6732428611568017
q00185,0.5227867417406443,0.43278674174064435,0.6127867417406443
q00186,0.7153578238002873,0.6253578238002874,0.8053578238002873
q00187,0.7030014419483305,0.6130014419483305,0.7930014419483304
q00188,0.5623980397776188,0.47239803977761885,0.6523980397776188
q00189,0.24731341212023114,0.15731341212023114,0.33731341212023114
q00190,0.24374581530032371,0.15374581530032372,0.3337458153003237
q00191,0.23716690876724134,0.14716690876724134,0.3271669087672413
q00192,0.6116811964592602,0.5216811964592603,0.7016811964592602
q00193,0.3285154710805644,0.2385154710805644,0.4185154710805644
q00194,0.5520923401859378,0.4620923401859378,0.6420923401859377
q00195,0.35312540892343514,0.26312540892343517,0.4431254089234351
q00196,0.6619457090332269,0.571945709033227,0.7519457090332269
q00197,0.36719856205865586,0.2771985620586559,0.45719856205865583
q00198,0.18424147390723197,0.09424147390723198,0.27424147390723197
q00199,0.15989406776551893,0.06989406776551893,0.24989406776551892
q00200,0.16143805515225224,0.07143805515225224,0.25143805515225226
q00201,0.1224638349972503,0.03246383499725031,0.2124638349972503
q00202,0.12340971396811601,0.03340971396811601,0.213409713968116
q00203,0.12160058251786796,0.03160058251786796,0.21160058251786795
q00204,0.3296744771430635,0.23967447714306353,0.4196744771430635
q00205,0.32224324281188244,0.23224324281188244,0.4122432428118824
q00206,0.29746889493224815,0.20746889493224815,0.3874688949322481
q00207,0.28565818424271905,0.19565818424271905,0.375658184242719
q00208,0.3326668843035891,0.2426668843035891,0.4226668843035891
q00209,0.313502645760455,0.223502645760455,0.403502645760455
q00210,0.568896564288423,0.478896564288423,0.6588965642884229
q00211,0.47975201827395697,0.389752018273957,0.5697520182739569
q00212,0.5721574863994444,0.48215748639944445,0.6621574863994444
q00213,0.3128927275391156,0.22289272753911563,0.40289272753911565
q00214,0.30446036054674847,0.21446036054674847,0.3944603605467485
q00215,0.3140062524075645,0.22400625240756453,0.4040062524075645
q00216,0.2725031695681414,0.18250316956814142,0.36250316956814144
q00217,0.4297312132485872,0.33973121324858724,0.5197312132485872
q00218,0.2357763268721252,0.14577632687212522,0.3257763268721252
q00219,0.6613066504878181,0.5713066504878181,0.7513066504878181
q00220,0.6667010591114328,0.5767010591114329,0.7567010591114328
q00221,0.2584775396421799,0.1684775396421799,0.34847753964217987
q00222,0.35418747786752336,0.2641874778675234,0.44418747786752333
q00223,0.3459527307139541,0.2559527307139541,0.43595273071395413
q00224,0.34957331291803156,0.25957331291803154,0.4395733129180316
q00225,0.05142744067321203,0.0,0.14142744067321203
q00226,0.06112868533418384,0.0,0.15112868533418383
q00227,0.06527218731488917,0.0,0.15527218731488918
q00228,0.04168885687982612,0.0,0.13168885687982612
q00229,0.06115735443010184,0.0,0.15115735443010184
q00230,0.06974439432938749,0.0,0.15974439432938747
q00231,0.14090188002910672,0.05090188002910673,0.23090188002910672
q00232,0.13908054851209095,0.049080548512090955,0.22908054851209095
q00233,0.1309128819691138,0.0409128819691138,0.2209128819691138
q00234,0.2543639166718456,0.1643639166718456,0.3443639166718456
q00235,0.25855429435087907,0.16855429435087907,0.34855429435087903
q00236,0.2629847643600194,0.1729847643600194,0.35298476436001935
q00237,0.20338807443740356,0.11338807443740356,0.29338807443740356
q00238,0.28911579188571074,0.19911579188571074,0.37911579188571076
q00239,0.24433499153791724,0.15433499153791724,0.33433499153791724
q00240,0.16258283945450847,0.07258283945450847,0.25258283945450843
q00241,0.1642656155908006,0.07426561559080061,0.25426561559080063
q00242,0.14371856575367323,0.05371856575367323,0.23371856575367322
q00243,0.3744257536479586,0.28442575364795863,0.4644257536479586
q00244,0.3328815548802719,0.24288155488027188,0.4228815548802719
q00245,0.37151857537235,0.28151857537235003,0.46151857537234997
q00246,0.1403617255824021,0.050361725582402095,0.2303617255824021
q00247,0.13436502210962453,0.044365022109624536,0.22436502210962453
q00248,0.21334975110803553,0.12334975110803553,0.3033497511080355
q00249,0.08429289858573441,0.0,0.1742928985857344
q00250,0.07450397100345711,0.0,0.1645039710034571
q00251,0.07328416950623645,0.0,0.16328416950623645
q00252,0.42943157991727904,0.339431579917279,0.5194315799172791
q00253,0.31599489786738,0.22599489786738,0.40599489786737997
q00254,0.4347869177754555,0.34478691777545545,0.5247869177754555
q00255,0.1414701559658694,0.0514701559658694,0.2314701559658694
q00256,0.1437180083276309,0.053718008327630906,0.2337180083276309
q00257,0.1458413060376638,0.055841306037663796,0.2358413060376638
q00258,0.5170352743009781,0.4270352743009781,0.607035274300978
q00259,0.37369106336199304,0.283691063361993,0.46369106336199306
q00260,0.3988817785413605,0.30888177854136045,0.4888817785413605
q00261,0.9110749486649846,0.8210749486649846,1.0
q00262,0.9200823904445906,0.8300823904445906,1.0
q00263,0.9110749486649846,0.8210749486649846,1.0
q00264,0.18709310447071134,0.09709310447071134,0.27709310447071134
q00265,0.42524949394002076,0.3352494939400208,0.5152494939400207
q00266,0.1379553948210487,0.047955394821048714,0.2279553948210487
q00267,0.0763101055313797,0.0,0.1663101055313797
q00268,0.1463095201719948,0.05630952017199481,0.2363095201719948
q00269,0.07402073185881348,0.0,0.1640207318588135
q00270,0.1419658380226945,0.0519658380226945,0.2319658380226945
q00271,0.1321762249455075,0.04217622494550749,0.22217622494550748
q00272,0.15062387122220766,0.060623871222207665,0.24062387122220766
q00273,0.08907612555871383,0.0,0.17907612555871383
q00274,0.0906984705549779,0.0006984705549779036,0.1806984705549779
q00275,0.08907612555871383,0.0,0.17907612555871383
q00276,0.21110269658956193,0.12110269658956194,0.3011026965895619
q00277,0.19410523851142797,0.10410523851142797,0.284105238511428
q00278,0.19990084690279447,0.10990084690279447,0.2899008469027945
q00279,0.17565238791061874,0.08565238791061874,0.26565238791061874
q00280,0.1909448960754262,0.1009448960754262,0.28094489607542616
q00281,0.19065298780930645,0.10065298780930645,0.2806529878093065
q00282,0.4344541774519748,0.3444541774519748,0.5244541774519748
q00283,0.3427882891116044,0.25278828911160445,0.4327882891116044
q00284,0.2988250071418797,0.2088250071418797,0.38882500714187973
q00285,0.08103477336765752,0.0,0.17103477336765752
q00286,0.08477460409331117,0.0,0.17477460409331116
q00287,0.08499489304720373,0.0,0.17499489304720373
q00288,0.09718165344114991,0.007181653441149918,0.1871816534411499
q00289,0.1816820191951516,0.09168201919515159,0.27168201919515156
q00290,0.0906435703982836,0.0006435703982835966,0.1806435703982836
q00291,0.3260190265710983,0.23601902657109833,0.41601902657109835
q00292,0.2522292427075287,0.16222924270752873,0.34222924270752875
q00293,0.17068144307828745,0.08068144307828745,0.26068144307828744
q00294,0.586882082317325,0.496882082317325,0.6768820823173249
q00295,0.5908717253146701,0.5008717253146702,0.6808717253146701
q00296,0.5447438030015935,0.45474380300159356,0.6347438030015935
q00297,0.8735780771556051,0.7835780771556051,0.9635780771556051
q00298,0.8322486974665351,0.7422486974665351,0.922248697466535
q00299,0.7150667953078953,0.6250667953078953,0.8050667953078953
q00300,0.17274136558894285,0.08274136558894285,0.26274136558894284
q00301,0.09608439029925503,0.0060843902992550325,0.18608439029925503
q00302,0.10325357180087567,0.013253571800875677,0.19325357180087566
q00303,0.15828572503161267,0.06828572503161268,0.24828572503161267
q00304,0.13034861569079534,0.04034861569079534,0.22034861569079534
q00305,0.1833895161973569,0.09338951619735691,0.2733895161973569
q00306,0.6497945982493949,0.5597945982493949,0.7397945982493949
q00307,0.6809547703161005,0.5909547703161006,0.7709547703161005
q00308,0.6546203905501036,0.5646203905501036,0.7446203905501035
q00309,0.591979695247669,0.501979695247669,0.681979695247669
q00310,0.5854002599261007,0.4954002599261007,0.6754002599261006
q00311,0.5497577040080457,0.4597577040080457,0.6397577040080457
q00312,0.11415185926214562,0.024151859262145622,0.20415185926214563
q00313,0.12062858342513874,0.030628583425138745,0.21062858342513874
q00314,0.12574008195233316,0.035740081952333164,0.21574008195233316
q00315,0.6243205124344091,0.5343205124344091,0.7143205124344091
q00316,0.6584304409714056,0.5684304409714056,0.7484304409714055
q00317,0.6375690473299946,0.5475690473299947,0.7275690473299946
q00318,0.5381960376634723,0.4481960376634724,0.6281960376634723
q00319,0.5431195296577606,0.4531195296577606,0.6331195296577605
q00320,0.5561708217692959,0.4661708217692959,0.6461708217692959
q00321,0.16811692123053995,0.07811692123053995,0.25811692123054
q00322,0.11912579027645065,0.029125790276450653,0.20912579027645065
q00323,0.13378535854885873,0.04378535854885873,0.22378535854885873
q00324,0.08163330089320259,0.0,0.17163330089320258
q00325,0.18344729545305366,0.09344729545305366,0.2734472954530537
q00326,0.08236623453502878,0.0,0.17236623453502878
q00327,0.17579416361415687,0.08579416361415687,0.26579416361415686
q00328,0.09168666064285359,0.0016866606428535963,0.1816866606428536
q00329,0.1613454785309904,0.07134547853099041,0.25134547853099043
q00330,0.8144546232037609,0.724454623203761,0.9044546232037609
q00331,0.8113810706135663,0.7213810706135664,0.9013810706135663
q00332,0.7013297234771368,0.6113297234771369,0.7913297234771368
q00333,0.319100851351562,0.22910085135156202,0.40910085135156204
q00334,0.28261779013286464,0.19261779013286465,0.37261779013286467
q00335,0.28801037466896906,0.19801037466896906,0.37801037466896903
q00336,0.3877029152919933,0.29770291529199333,0.47770291529199327
q00337,0.46418675682391075,0.3741867568239108,0.5541867568239107
q00338,0.38425778067675354,0.29425778067675357,0.4742577806767535
q00339,0.4253662365954798,0.3353662365954798,0.5153662365954798
q00340,0.3662989858124473,0.2762989858124473,0.4562989858124473
q00341,0.3914574027318568,0.30145740273185684,0.4814574027318568
q00342,0.3762430758706095,0.2862430758706095,0.46624307587060954
q00343,0.39814933914034006,0.30814933914034004,0.4881493391403401
q00344,0.34829297106228385,0.2582929710622839,0.4382929710622838
q00345,0.6447538401968732,0.5547538401968732,0.7347538401968732
q00346,0.649450682627778,0.5594506826277781,0.739450682627778
q00347,0.6627025320153072,0.5727025320153072,0.7527025320153071
q00348,0.17028520192405888,0.08028520192405889,0.2602852019240589
q00349,0.17268532031201245,0.08268532031201245,0.2626853203120124
q00350,0.16077662194278733,0.07077662194278733,0.2507766219427873
q00351,0.07112807720291288,0.0,0.1611280772029129
q00352,0.06816784003422159,0.0,0.15816784003422157
q00353,0.080709203156118,0.0,0.17070920315611798
q00354,0.09840091093576515,0.008400910935765157,0.18840091093576516
q00355,0.08165036602003503,0.0,0.17165036602003503
q00356,0.09053606526838345,0.0005360652683834566,0.18053606526838345
q00357,0.10706623114846418,0.017066231148464187,0.19706623114846417
q00358,0.1324207191965154,0.04242071919651541,0.2224207191965154
q00359,0.0993291633351515,0.009329163335151505,0.18932916333515148
q00360,0.2303581593386634,0.1403581593386634,0.3203581593386634
q00361,0.24264632928224372,0.15264632928224373,0.3326463292822437
q00362,0.2339723418756726,0.1439723418756726,0.3239723418756726
q00363,0.20973196159591434,0.11973196159591434,0.2997319615959143
q00364,0.19869026558345937,0.10869026558345937,0.28869026558345934
q00365,0.2006722027455344,0.11067220274553441,0.2906722027455344
q00366,0.2404398052100789,0.1504398052100789,0.3304398052100789
q00367,0.7041077230945929,0.6141077230945929,0.7941077230945929
q00368,0.7060840410434438,0.6160840410434438,0.7960840410434438
q00369,0.1177847168359399,0.0277847168359399,0.2077847168359399
q00370,0.0791253741692,0.0,0.16912537416919998
q00371,0.07960442640381662,0.0,0.16960442640381662
q00372,0.05517827894606461,0.0,0.1451782789460646
q00373,0.05408304226742539,0.0,0.14408304226742538
q00374,0.054974233385299186,0.0,0.1449742333852992
q00375,0.7428658481561732,0.6528658481561732,0.8328658481561731
q00376,0.7137038244705716,0.6237038244705716,0.8037038244705715
q00377,0.7173138668461488,0.6273138668461489,0.8073138668461488
q00378,0.31510364801194823,0.22510364801194824,0.4051036480119482
q00379,0.41818455133996874,0.3281845513399687,0.5081845513399688
q00380,0.43658907763853755,0.3465890776385375,0.5265890776385376
q00381,0.6110763544769742,0.5210763544769742,0.7010763544769741
q00382,0.7911926364798092,0.7011926364798092,0.8811926364798092
q00383,0.3230906326607081,0.2330906326607081,0.4130906326607081
q00384,0.08908125035661628,0.0,0.17908125035661626
q00385,0.09020323883942448,0.00020323883942448273,0.18020323883942446
q00386,0.08763385260804676,0.0,0.17763385260804676
q00387,0.2761080582943629,0.18610805829436292,0.3661080582943629
q00388,0.2699939062761593,0.17999390627615933,0.35999390627615935
q00389,0.2761080582943629,0.18610805829436292,0.3661080582943629
q00390,0.0696206068440765,0.0,0.1596206068440765
q00391,0.06714640005232585,0.0,0.15714640005232583
q00392,0.07215305952526217,0.0,0.16215305952526216
q00393,0.06546574327046115,0.0,0.15546574327046114
q00394,0.04726376193432041,0.0,0.1372637619343204
q00395,0.04816826116710822,0.0,0.13816826116710823
q00396,0.16051026039274321,0.07051026039274322,0.2505102603927432
q00397,0.1337338603970559,0.0437338603970559,0.2237338603970559
q00398,0.15494965642834369,0.06494965642834369,0.24494965642834368
q00399,0.37002359486603387,0.2800235948660339,0.46002359486603384
q00400,0.35196286419643064,0.26196286419643067,0.4419628641964306
q00401,0.35061050292806784,0.26061050292806787,0.4406105029280678
q00402,0.5401923204415712,0.4501923204415712,0.6301923204415711
q00403,0.36627677355258187,0.27627677355258184,0.4562767735525819
q00404,0.46211285370669414,0.3721128537066941,0.5521128537066942
q00405,0.1534700380568743,0.06347003805687429,0.24347003805687428
q00406,0.2018057218387469,0.1118057218387469,0.29180572183874687
q00407,0.1432556108624545,0.053255610862454505,0.2332556108624545
q00408,0.20080178221240097,0.11080178221240097,0.29080178221240094
q00409,0.222625411820745,0.132625411820745,0.312625411820745
q00410,0.3225284588965685,0.2325284588965685,0.41252845889656853
q00411,0.20188089454073388,0.11188089454073388,0.29188089454073385
q00412,0.22585415608353313,0.13585415608353313,0.3158541560835331
q00413,0.20073791309476471,0.11073791309476472,0.2907379130947647
q00414,0.0580481308890343,0.0,0.1480481308890343
q00415,0.06661664689636204,0.0,0.15661664689636204
q00416,0.06184388258752019,0.0,0.15184388258752018
q00417,0.26493735076938996,0.17493735076938996,0.3549373507693899
q00418,0.3132459943667101,0.22324599436671008,0.40324599436671005
q00419,0.2539506576904496,0.1639506576904496,0.34395065769044963
q00420,0.5140979349567146,0.42409793495671466,0.6040979349567146
q00421,0.5003239389888571,0.4103239389888571,0.590323938988857
q00422,0.5531947684536386,0.4631947684536386,0.6431947684536385
q00423,0.9816147071842386,0.8916147071842386,1.0
q00424,0.9867096974430583,0.8967096974430583,1.0
q00425,0.9880710055068002,0.8980710055068002,1.0
q00426,0.45639302777047713,0.3663930277704771,0.5463930277704772
q00427,0.42688880745738084,0.3368888074573808,0.5168888074573809
q00428,0.4331520575238161,0.34315205752381606,0.5231520575238161
q00429,0.1282858231010311,0.0382858231010311,0.2182858231010311
q00430,0.11719951241639612,0.02719951241639612,0.20719951241639611
q00431,0.0852434753887405,0.0,0.1752434753887405
q00432,0.4910860126572854,0.4010860126572854,0.5810860126572854
q00433,0.3236911868796624,0.23369118687966242,0.41369118687966244
q00434,0.5943404054509187,0.5043404054509187,0.6843404054509187
q00435,0.15217679999647932,0.06217679999647932,0.24217679999647931
q00436,0.25061745942432373,0.16061745942432373,0.34061745942432375
q00437,0.11903084950687419,0.029030849506874193,0.20903084950687417
q00438,0.2798809848664576,0.18988098486645763,0.3698809848664576
q00439,0.21437852723909256,0.12437852723909257,0.30437852723909253
q00440,0.18095420107234303,0.09095420107234303,0.270954201072343
q00441,0.45123157870789476,0.3612315787078948,0.5412315787078947
q00442,0.49141158701333415,0.4014115870133341,0.5814115870133342
q00443,0.5081009847561909,0.41810098475619095,0.5981009847561909
q00444,0.6205018015617563,0.5305018015617563,0.7105018015617562
q00445,0.618004314454843,0.5280043144548431,0.708004314454843
q00446,0.6150321173989954,0.5250321173989955,0.7050321173989954
q00447,0.3804349151796947,0.29043491517969466,0.4704349151796947
q00448,0.37706116369030174,0.28706116369030177,0.4670611636903017
q00449,0.37626321643226235,0.2862632164322624,0.4662632164322623
q00450,0.5216708110358687,0.4316708110358687,0.6116708110358686
q00451,0.5227724511120277,0.4327724511120278,0.6127724511120277
q00452,0.3590793834585022,0.26907938345850224,0.4490793834585022
q00453,0.35857037011698484,0.2685703701169848,0.44857037011698486
q00454,0.447841319657088,0.357841319657088,0.537841319657088
q00455,0.7116215180860077,0.6216215180860077,0.8016215180860077
q00456,0.06074596155734771,0.0,0.1507459615573477
q00457,0.08297437425165255,0.0,0.17297437425165255
q00458,0.06966402378179512,0.0,0.15966402378179512
q00459,0.5029842827600839,0.4129842827600839,0.5929842827600839
q00460,0.5662130727581305,0.4762130727581305,0.6562130727581305
q00461,0.5629521631932897,0.4729521631932897,0.6529521631932896
q00462,0.40757148793186887,0.31757148793186885,0.4975714879318689
q00463,0.40872254652578055,0.3187225465257806,0.4987225465257805
q00464,0.40946662806128803,0.319466628061288,0.49946662806128805
q00465,0.08000308870233375,0.0,0.17000308870233374
q00466,0.06165810906647463,0.0,0.15165810906647462
q00467,0.06165810906647463,0.0,0.15165810906647462
q00468,0.3026871140720498,0.2126871140720498,0.3926871140720498
q00469,0.30881088694648473,0.21881088694648473,0.3988108869464847
q00470,0.31153071182382414,0.22153071182382414,0.40153071182382416
q00471,0.18119256731361744,0.09119256731361744,0.2711925673136174
q00472,0.16407734238466015,0.07407734238466016,0.2540773423846602
q00473,0.22530752538594928,0.13530752538594928,0.3153075253859493
q00474,0.10961238435012902,0.01961238435012902,0.199612384350129
q00475,0.12226793808189863,0.03226793808189864,0.21226793808189864
q00476,0.11220614771635928,0.022206147716359287,0.20220614771635928
q00477,0.14106531762527144,0.051065317625271445,0.23106531762527144
q00478,0.23990796999118133,0.14990796999118133,0.3299079699911813
q00479,0.24793302239457274,0.15793302239457274,0.33793302239457274
q00480,0.1672936471758696,0.07729364717586959,0.25729364717586956
q00481,0.16430251620815906,0.07430251620815906,0.254302516208159
q00482,0.24368523479399315,0.15368523479399315,0.33368523479399315
q00483,0.2712804253757016,0.18128042537570158,0.3612804253757016
q00484,0.3140966600936225,0.22409666009362253,0.40409666009362255
q00485,0.26222464645681837,0.17222464645681837,0.3522246464568184
q00486,0.4614591576896434,0.37145915768964344,0.5514591576896434
q00487,0.4066301701457038,0.3166301701457038,0.49663017014570376
q00488,0.3198198058841535,0.2298198058841535,0.40981980588415345
q00489,0.49262416747034865,0.4026241674703487,0.5826241674703486
q00490,0.4754046288645691,0.38540462886456905,0.5654046288645691
q00491,0.44738767118355083,0.35738767118355086,0.5373876711835508
q00492,0.3403994868685657,0.2503994868685657,0.43039948686856566
q00493,0.3403994868685657,0.2503994868685657,0.43039948686856566
q00494,0.20424615192885756,0.11424615192885756,0.29424615192885756
q00495,0.5217522927119472,0.43175229271194726,0.6117522927119472
q00496,0.6508487632941289,0.5608487632941289,0.7408487632941289
q00497,0.6475071439354396,0.5575071439354397,0.7375071439354396
q00498,0.05322815854698554,0.0,0.14322815854698553
q00499,0.08230434075477074,0.0,0.17230434075477075
q00500,0.05391442840566447,0.0,0.14391442840566446
q00501,0.25922325954350334,0.16922325954350334,0.3492232595435033
q00502,0.22467553446494,0.13467553446494002,0.31467553446494
q00503,0.26836795415330805,0.17836795415330806,0.358367954153308
q00504,0.2001909238740583,0.1101909238740583,0.2901909238740583
q00505,0.17688797033523576,0.08688797033523576,0.26688797033523576
q00506,0.19458725701274115,0.10458725701274116,0.2845872570127411
q00507,0.4573931814239265,0.3673931814239265,0.5473931814239265
q00508,0.45045697770478904,0.360456977704789,0.5404569777047891
q00509,0.7101440241897886,0.6201440241897886,0.8001440241897886
q00510,0.17390808787204906,0.08390808787204906,0.26390808787204906
q00511,0.1982648583762665,0.10826485837626651,0.2882648583762665
q00512,0.1530837680985496,0.0630837680985496,0.2430837680985496
q00513,0.056097960480419776,0.0,0.1460979604804198
q00514,0.05869190461303335,0.0,0.14869190461303333
q00515,0.04995609996607766,0.0,0.13995609996607766
q00516,0.5079454700539218,0.4179454700539218,0.5979454700539217
q00517,0.49974069001479243,0.4097406900147924,0.5897406900147925
q00518,0.502787369075074,0.4127873690750741,0.592787369075074
q00519,0.12288921564573783,0.03288921564573784,0.21288921564573782
q00520,0.12380965378135698,0.03380965378135699,0.21380965378135697
q00521,0.12396571086452188,0.03396571086452188,0.21396571086452187
q00522,0.32453994781804363,0.23453994781804363,0.4145399478180436
q00523,0.32806956088064076,0.23806956088064077,0.41806956088064073
q00524,0.22560700781994358,0.1356070078199436,0.31560700781994355
q00525,0.2687494188645169,0.17874941886451692,0.35874941886451694
q00526,0.26759688777300156,0.17759688777300156,0.3575968877730016
q00527,0.30252787473862514,0.21252787473862514,0.39252787473862516
q00528,0.3123873605309706,0.2223873605309706,0.4023873605309706
q00529,0.24954062355504314,0.15954062355504314,0.3395406235550431
q00530,0.14872714607896048,0.058727146078960485,0.23872714607896048
q00531,0.0592812692614224,0.0,0.1492812692614224
q00532,0.06283246311287248,0.0,0.15283246311287246
q00533,0.061237268612290736,0.0,0.15123726861229073
q00534,0.2545475087897861,0.1645475087897861,0.3445475087897861
q00535,0.2797675706703559,0.1897675706703559,0.3697675706703559
q00536,0.2592244559399019,0.1692244559399019,0.3492244559399019
q00537,0.26991861338498757,0.17991861338498757,0.35991861338498754
q00538,0.27198357473562057,0.18198357473562057,0.3619835747356206
q00539,0.2377928573516027,0.1477928573516027,0.3277928573516027
q00540,0.5300949024960138,0.4400949024960138,0.6200949024960137
q00541,0.5300949024960138,0.4400949024960138,0.6200949024960137
q00542,0.6915997287645589,0.6015997287645589,0.7815997287645589
q00543,0.16209371510336792,0.07209371510336793,0.2520937151033679
q00544,0.16119179389157653,0.07119179389157654,0.25119179389157653
q00545,0.1873731955902191,0.09737319559021909,0.2773731955902191
q00546,0.1365694420699697,0.04656944206996971,0.2265694420699697
q00547,0.13382377053740926,0.04382377053740927,0.22382377053740926
q00548,0.1433770880544165,0.053377088054416516,0.2333770880544165
q00549,0.0899896213902842,0.0,0.17998962139028418
q00550,0.08068892630445429,0.0,0.17068892630445429
q00551,0.09186886728759573,0.0018688672875957352,0.18186886728759571
q00552,0.07623106688183393,0.0,0.16623106688183392
q00553,0.0709725981289965,0.0,0.1609725981289965
q00554,0.07503924582968677,0.0,0.16503924582968676
q00555,0.11713588698026034,0.027135886980260343,0.20713588698026034
q00556,0.10780029131318933,0.01780029131318933,0.19780029131318932
q00557,0.07815035223555807,0.0,0.16815035223555808
q00558,0.45036171141003223,0.36036171141003226,0.5403617114100322
q00559,0.28616994413330443,0.19616994413330444,0.3761699441333044
q00560,0.22016866212903455,0.13016866212903455,0.31016866212903454
q00561,0.4950675532774625,0.40506755327746247,0.5850675532774625
q00562,0.4204916506136866,0.33049165061368657,0.5104916506136866
q00563,0.5191879777005998,0.4291879777005998,0.6091879777005997
q00564,0.0392550395723259,0.0,0.1292550395723259
q00565,0.03711658876249091,0.0,0.1271165887624909
q00566,0.04390478503181633,0.0,0.13390478503181633
q00567,0.2025725107928591,0.1125725107928591,0.29257251079285906
q00568,0.17096115897421116,0.08096115897421116,0.2609611589742111
q00569,0.16810757133674567,0.07810757133674567,0.25810757133674567
q00570,0.5611577963087367,0.4711577963087368,0.6511577963087367
q00571,0.4001326493691737,0.31013264936917373,0.49013264936917367
q00572,0.4931338384386736,0.40313383843867356,0.5831338384386736
q00573,0.23854450355947684,0.14854450355947685,0.32854450355947684
q00574,0.25886356076560907,0.16886356076560907,0.3488635607656091
q00575,0.246300021964119,0.156300021964119,0.336300021964119
q00576,0.30698862786796705,0.21698862786796705,0.39698862786796707
q00577,0.31436183712096233,0.22436183712096233,0.4043618371209623
q00578,0.36875115140705744,0.2787511514070574,0.45875115140705747
q00579,0.04796573636897563,0.0,0.13796573636897563
q00580,0.05032413832831626,0.0,0.14032413832831625
q00581,0.04796573636897563,0.0,0.13796573636897563
q00582,0.12279669354562561,0.032796693545625616,0.2127966935456256
q00583,0.10972632441837264,0.019726324418372645,0.19972632441837262
q00584,0.1313049068595029,0.041304906859502916,0.2213049068595029
q00585,0.7926822902417646,0.7026822902417647,0.8826822902417646
q00586,0.6948274999884669,0.604827499988467,0.7848274999884669
q00587,0.7219088701601242,0.6319088701601242,0.8119088701601241
q00588,0.11354957661112852,0.023549576611128525,0.20354957661112852
q00589,0.15507815267167413,0.06507815267167413,0.24507815267167413
q00590,0.12112736384378543,0.031127363843785436,0.21112736384378544
q00591,0.13561882251029053,0.045618822510290535,0.22561882251029053
q00592,0.12077837747768724,0.030778377477687247,0.21077837747768724
q00593,0.12062598453149416,0.030625984531494163,0.21062598453149417
q00594,0.1965851187966373,0.10658511879663729,0.2865851187966373
q00595,0.15244342433294508,0.062443424332945086,0.24244342433294508
q00596,0.22462799800922562,0.13462799800922562,0.3146279980092256
q00597,0.07882645916803441,0.0,0.1688264591680344
q00598,0.0835338462096823,0.0,0.1735338462096823
q00599,0.08323579818503427,0.0,0.17323579818503426
q00600,0.2942470761426904,0.20424707614269041,0.3842470761426904
q00601,0.3082659703047126,0.2182659703047126,0.39826597030471256
q00602,0.2839625991183717,0.1939625991183717,0.3739625991183717
q00603,0.5046473852658011,0.41464738526580114,0.5946473852658011
q00604,0.4895532279071593,0.3995532279071593,0.5795532279071594
q00605,0.614508142896191,0.5245081428961911,0.704508142896191
q00606,0.8068172957433983,0.7168172957433984,0.8968172957433983
q00607,0.8444807193577047,0.7544807193577048,0.9344807193577047
q00608,0.7553335044074951,0.6653335044074952,0.8453335044074951
q00609,0.24573997719025487,0.15573997719025487,0.33573997719025483
q00610,0.2569391121780947,0.16693911217809468,0.3469391121780947
q00611,0.24812726653611472,0.15812726653611472,0.3381272665361147
q00612,0.08965848753321037,0.0,0.17965848753321037
q00613,0.04438579186482546,0.0,0.13438579186482547
q00614,0.05219463518210066,0.0,0.14219463518210065
q00615,0.9069488350499537,0.8169488350499537,0.9969488350499537
q00616,0.8714846428180655,0.7814846428180655,0.9614846428180654
q00617,0.932353242814544,0.842353242814544,1.0
q00618,0.13466642145288787,0.04466642145288788,0.22466642145288787
q00619,0.12352167165769792,0.03352167165769793,0.21352167165769792
q00620,0.1673034277493606,0.07730342774936061,0.2573034277493606
q00621,0.461140969337688,0.37114096933768803,0.551140969337688
q00622,0.45768680858972927,0.36768680858972924,0.5476868085897293
q00623,0.47154057212968803,0.38154057212968806,0.561540572129688
q00624,0.5512116515737411,0.4612116515737411,0.641211651573741
q00625,0.5554846358985822,0.46548463589858224,0.6454846358985822
q00626,0.5479173190644986,0.4579173190644986,0.6379173190644986
q00627,0.16249912857234217,0.07249912857234217,0.25249912857234214
q00628,0.17805858949274742,0.08805858949274742,0.2680585894927474
q00629,0.1422708094930314,0.052270809493031395,0.2322708094930314
q00630,0.19279636571827885,0.10279636571827885,0.2827963657182788
q00631,0.21897457227234113,0.12897457227234113,0.30897457227234115
q00632,0.1302337969205686,0.04023379692056861,0.2202337969205686
q00633,0.7979563134451196,0.7079563134451197,0.8879563134451196
q00634,0.8310003021444018,0.7410003021444018,0.9210003021444018
q00635,0.8373747821742729,0.7473747821742729,0.9273747821742728
q00636,0.34912703013931334,0.2591270301393134,0.4391270301393133
q00637,0.44447718958780175,0.3544771895878017,0.5344771895878018
q00638,0.2619199207498761,0.17191992074987608,0.3519199207498761
q00639,0.5915606533922483,0.5015606533922483,0.6815606533922483
q00640,0.5805042071722474,0.4905042071722474,0.6705042071722473
q00641,0.5808921261977331,0.49089212619773315,0.6708921261977331
q00642,0.274584241198035,0.184584241198035,0.364584241198035
q00643,0.27764436845572454,0.18764436845572455,0.36764436845572457
q00644,0.27609908650129283,0.18609908650129284,0.36609908650129286
q00645,0.10480178143532866,0.014801781435328662,0.19480178143532867
q00646,0.10060873463311401,0.010608734633114014,0.190608734633114
q00647,0.09989823751949074,0.009898237519490746,0.18989823751949075
q00648,0.5592838313418653,0.46928383134186535,0.6492838313418653
q00649,0.18311121124432558,0.09311121124432559,0.2731112112443256
q00650,0.5018255618219147,0.41182556182191477,0.5918255618219147
q00651,0.6817990114424813,0.5917990114424814,0.7717990114424813
q00652,0.6793562464968832,0.5893562464968832,0.7693562464968832
q00653,0.6123744094927838,0.5223744094927838,0.7023744094927837
q00654,0.32617144331290737,0.23617144331290738,0.41617144331290734
q00655,0.303453155519177,0.213453155519177,0.39345315551917703
q00656,0.3034350269682605,0.21343502696826053,0.3934350269682605
q00657,0.10405486744483752,0.014054867444837527,0.19405486744483752
q00658,0.1510349776016473,0.061034977601647306,0.2410349776016473
q00659,0.14704394828974046,0.057043948289740465,0.23704394828974046
q00660,0.16442630925224022,0.07442630925224022,0.2544263092522402
q00661,0.12504090660304956,0.035040906603049565,0.21504090660304956
q00662,0.1977321301235803,0.1077321301235803,0.2877321301235803
q00663,0.5510626121560903,0.46106261215609035,0.6410626121560903
q00664,0.5594648230324404,0.4694648230324404,0.6494648230324404
q00665,0.565199038379192,0.4751990383791921,0.655199038379192
q00666,0.40772399604432846,0.31772399604432844,0.4977239960443285
q00667,0.6320358456484325,0.5420358456484325,0.7220358456484325
q00668,0.44588477630246903,0.35588477630246906,0.535884776302469
q00669,0.2511940059223162,0.16119400592231622,0.3411940059223162
q00670,0.2567559518656762,0.16675595186567618,0.3467559518656762
q00671,0.21134272039115673,0.12134272039115673,0.3013427203911567
q00672,0.16133754009008489,0.07133754009008489,0.2513375400900849
q00673,0.1379734279155466,0.047973427915546596,0.2279734279155466
q00674,0.1440786966131239,0.054078696613123894,0.2340786966131239
q00675,0.11811028928009076,0.028110289280090767,0.20811028928009076
q00676,0.11473401662510273,0.02473401662510273,0.2047340166251027
q00677,0.11446305667956476,0.024463056679564762,0.20446305667956477
q00678,0.8687030302705192,0.7787030302705192,0.9587030302705192
q00679,0.763638551001928,0.673638551001928,0.853638551001928
q00680,0.8570202373955443,0.7670202373955444,0.9470202373955443
q00681,0.21240685869321618,0.12240685869321619,0.30240685869321615
q00682,0.36350133445834787,0.2735013344583479,0.45350133445834784
q00683,0.2388330670831681,0.1488330670831681,0.32883306708316806
q00684,0.3928154051078616,0.30281540510786165,0.4828154051078616
q00685,0.5894573043973099,0.49945730439730995,0.6794573043973099
q00686,0.3965396666608747,0.30653966666087473,0.48653966666087467
q00687,0.2476661446064289,0.15766614460642892,0.3376661446064289
q00688,0.17940338896305288,0.08940338896305289,0.2694033889630529
q00689,0.18640738550151814,0.09640738550151814,0.2764073855015181
q00690,0.09258369419059102,0.0025836941905910266,0.182583694190591
q00691,0.09249537748669998,0.002495377486699979,0.18249537748669997
q00692,0.0868974853079699,0.0,0.1768974853079699
q00693,0.27025603775443324,0.18025603775443325,0.36025603775443327
q00694,0.2603223677013893,0.17032236770138928,0.35032236770138925
q00695,0.1457890565812323,0.055789056581232316,0.2357890565812323
q00696,0.2977127820973082,0.20771278209730823,0.3877127820973082
q00697,0.21424687630313755,0.12424687630313755,0.3042468763031375
q00698,0.2703792310419499,0.1803792310419499,0.3603792310419499
q00699,0.5060675029959777,0.4160675029959777,0.5960675029959777
q00700,0.5219482356497861,0.4319482356497861,0.6119482356497861
q00701,0.6177317762599762,0.5277317762599762,0.7077317762599762
q00702,0.40185036569484506,0.31185036569484503,0.4918503656948451
q00703,0.40251854107477175,0.3125185410747717,0.4925185410747718
q00704,0.40262601076814314,0.3126260107681431,0.49262601076814316
q00705,0.28497337178167065,0.19497337178167065,0.3749733717816707
q00706,0.1973507158639451,0.1073507158639451,0.2873507158639451
q00707,0.1995699859401441,0.10956998594014411,0.2895699859401441
q00708,0.47154451026334854,0.38154451026334857,0.5615445102633485
q00709,0.46332474601228285,0.3733247460122828,0.5533247460122829
q00710,0.3796259028975082,0.2896259028975082,0.46962590289750816
q00711,0.20179826829461175,0.11179826829461176,0.29179826829461175
q00712,0.1851059606945484,0.09510596069454841,0.2751059606945484
q00713,0.19024980531420585,0.10024980531420585,0.28024980531420585
q00714,0.2117036948353286,0.12170369483532861,0.3017036948353286
q00715,0.09646721600100251,0.006467216001002515,0.18646721600100252
q00716,0.09309449963937515,0.0030944996393751506,0.18309449963937513
q00717,0.16076377943505119,0.07076377943505119,0.2507637794350512
q00718,0.15680012926331097,0.06680012926331097,0.24680012926331096
q00719,0.1708057160233677,0.0808057160233677,0.26080571602336766
q00720,0.7967542923662234,0.7067542923662234,0.8867542923662234
q00721,0.6117097021669952,0.5217097021669952,0.7017097021669951
q00722,0.6762169146088761,0.5862169146088761,0.7662169146088761
q00723,0.1245508133658039,0.0345508133658039,0.2145508133658039
q00724,0.10958107465330746,0.019581074653307468,0.19958107465330746
q00725,0.12649318528655287,0.036493185286552876,0.21649318528655287
q00726,0.323980376215544,0.233980376215544,0.41398037621554395
q00727,0.3345137478382139,0.24451374783821392,0.42451374783821394
q00728,0.31886657239057004,0.22886657239057004,0.40886657239057
q00729,0.2790505643501495,0.18905056435014952,0.3690505643501495
q00730,0.31279789783192236,0.22279789783192236,0.4027978978319223
q00731,0.31120184749519375,0.22120184749519375,0.4012018474951937
q00732,0.7830402528838265,0.6930402528838265,0.8730402528838265
q00733,0.7708357242533853,0.6808357242533853,0.8608357242533853
q00734,0.7741018855919862,0.6841018855919863,0.8641018855919862
q00735,0.16187049899680084,0.07187049899680084,0.2518704989968008
q00736,0.21915679514220127,0.12915679514220127,0.3091567951422013
q00737,0.2246807847705899,0.1346807847705899,0.3146807847705899
q00738,0.26325979245387515,0.17325979245387516,0.3532597924538752
q00739,0.2030587052323049,0.1130587052323049,0.29305870523230493
q00740,0.2054307957335133,0.11543079573351331,0.2954307957335133
q00741,0.27693106115237626,0.18693106115237626,0.3669310611523763
q00742,0.3678758766602291,0.27787587666022906,0.4578758766602291
q00743,0.3583712492022035,0.26837124920220345,0.4483712492022035
q00744,0.1846462759917476,0.0946462759917476,0.2746462759917476
q00745,0.2016364831126398,0.1116364831126398,0.2916364831126398
q00746,0.17703696999018273,0.08703696999018273,0.2670369699901827
q00747,0.12889632107707777,0.03889632107707777,0.21889632107707777
q00748,0.12130467962068167,0.031304679620681675,0.21130467962068167
q00749,0.1311694555677064,0.0411694555677064,0.2211694555677064
q00750,0.4764346519551997,0.38643465195519966,0.5664346519551997
q00751,0.43484375210703513,0.3448437521070351,0.5248437521070352
q00752,0.42859515309314183,0.3385951530931418,0.5185951530931419
q00753,0.06043685822998929,0.0,0.15043685822998928
q00754,0.06703637935938507,0.0,0.15703637935938508
q00755,0.055424870180802735,0.0,0.14542487018080275
q00756,0.22443296309373695,0.13443296309373695,0.3144329630937369
q00757,0.22524796426281715,0.13524796426281716,0.31524796426281715
q00758,0.22550342626639,0.13550342626639,0.31550342626639
q00759,0.5810866035704194,0.49108660357041944,0.6710866035704194
q00760,0.583456749134088,0.493456749134088,0.6734567491340879
q00761,0.754629476859371,0.664629476859371,0.844629476859371
q00762,0.16508958446264654,0.07508958446264655,0.2550895844626465
q00763,0.08903368728363192,0.0,0.17903368728363192
q00764,0.1367847205357516,0.04678472053575161,0.2267847205357516
q00765,0.16862664016626308,0.07862664016626308,0.2586266401662631
q00766,0.17354565913241593,0.08354565913241593,0.2635456591324159
q00767,0.16747530423547102,0.07747530423547103,0.25747530423547105
q00768,0.37696827860521825,0.28696827860521823,0.4669682786052183
q00769,0.26885646871185026,0.17885646871185026,0.3588564687118503
q00770,0.37696827860521825,0.28696827860521823,0.4669682786052183
q00771,0.43139752012500376,0.3413975201250038,0.5213975201250037
q00772,0.2343640230506039,0.1443640230506039,0.32436402305060386
q00773,0.2343640230506039,0.1443640230506039,0.32436402305060386
q00774,0.1018677728820924,0.011867772882092398,0.1918677728820924
q00775,0.10478090815762148,0.01478090815762148,0.19478090815762147
q00776,0.10195559923971391,0.011955599239713913,0.1919555992397139
q00777,0.1475514508049912,0.05755145080499122,0.2375514508049912
q00778,0.12919570308118808,0.03919570308118808,0.21919570308118808
q00779,0.13807268515945856,0.04807268515945856,0.22807268515945855
q00780,0.31009787971159136,0.22009787971159137,0.4000978797115914
q00781,0.306676827950123,0.21667682795012302,0.39667682795012305
q00782,0.30184036569381134,0.21184036569381134,0.3918403656938113
q00783,0.18590534567610248,0.09590534567610248,0.2759053456761025
q00784,0.169012749533052,0.07901274953305201,0.259012749533052
q00785,0.18578740869127106,0.09578740869127106,0.27578740869127105
q00786,0.5512564732617588,0.4612564732617588,0.6412564732617587
q00787,0.5636209686929508,0.4736209686929508,0.6536209686929507
q00788,0.6215577962568847,0.5315577962568847,0.7115577962568846
q00789,0.10143908797457692,0.01143908797457692,0.19143908797457693
q00790,0.1006892499810298,0.010689249981029797,0.1906892499810298
q00791,0.09994468289180464,0.00994468289180464,0.18994468289180463
q00792,0.5559682657992646,0.46596826579926465,0.6459682657992646
q00793,0.4906944751942212,0.4006944751942212,0.5806944751942212
q00794,0.6869017081400002,0.5969017081400002,0.7769017081400001
q00795,0.1760733708474897,0.0860733708474897,0.2660733708474897
q00796,0.18907597360212672,0.09907597360212672,0.2790759736021267
q00797,0.20885240125557947,0.11885240125557947,0.29885240125557944
q00798,0.5668497623644041,0.47684976236440413,0.6568497623644041
q00799,0.5875101689303237,0.49751016893032374,0.6775101689303237
q00800,0.5697107270049583,0.4797107270049583,0.6597107270049583
q00801,0.08328573439773362,0.0,0.17328573439773362
q00802,0.17593219245918726,0.08593219245918726,0.26593219245918726
q00803,0.08322649608020524,0.0,0.17322649608020524
q00804,0.151321812911812,0.06132181291181199,0.24132181291181198
q00805,0.1336836124552526,0.043683612455252596,0.2236836124552526
q00806,0.3178432374795087,0.22784323747950871,0.4078432374795087
q00807,0.0864569746777474,0.0,0.1764569746777474
q00808,0.09753640436024644,0.00753640436024644,0.18753640436024643
q00809,0.09442662216939605,0.004426622169396058,0.18442662216939604
q00810,0.18134758785220242,0.09134758785220243,0.2713475878522024
q00811,0.2186568625697688,0.1286568625697688,0.30865686256976876
q00812,0.1759129765530503,0.0859129765530503,0.2659129765530503
q00813,0.13020627089988704,0.04020627089988704,0.22020627089988704
q00814,0.15161103711959503,0.061611037119595036,0.24161103711959503
q00815,0.12252635687719753,0.03252635687719753,0.2125263568771975
q00816,0.11064648743046294,0.020646487430462948,0.20064648743046293
q00817,0.09671018706090659,0.006710187060906592,0.18671018706090659
q00818,0.11134985141424104,0.021349851414241047,0.20134985141424105
q00819,0.7639219825696292,0.6739219825696292,0.8539219825696291
q00820,0.7561780271846313,0.6661780271846314,0.8461780271846313
q00821,0.7851572253813827,0.6951572253813827,0.8751572253813826
q00822,0.10098718850877635,0.01098718850877635,0.19098718850877633
q00823,0.12032987628779646,0.03032987628779646,0.21032987628779645
q00824,0.14989824752125216,0.05989824752125217,0.23989824752125216
q00825,0.08584061097798497,0.0,0.17584061097798498
q00826,0.07874499390964308,0.0,0.1687449939096431
q00827,0.08859369292316341,0.0,0.1785936929231634
q00828,0.7503900533602947,0.6603900533602948,0.8403900533602947
q00829,0.7368120220352032,0.6468120220352033,0.8268120220352032
q00830,0.780543178936864,0.690543178936864,0.870543178936864
q00831,0.31455114834805986,0.22455114834805986,0.40455114834805983
q00832,0.28064686216521295,0.19064686216521295,0.3706468621652129
q00833,0.31455114834805986,0.22455114834805986,0.40455114834805983
q00834,0.09851558980448576,0.00851558980448576,0.18851558980448574
q00835,0.08758962438061613,0.0,0.17758962438061612
q00836,0.0772699142879452,0.0,0.1672699142879452
q00837,0.2396862714982281,0.1496862714982281,0.3296862714982281
q00838,0.17524217670147174,0.08524217670147174,0.26524217670147177
q00839,0.23319698751386086,0.14319698751386087,0.32319698751386083
q00840,0.7376634108043507,0.6476634108043507,0.8276634108043507
q00841,0.7477615948842085,0.6577615948842085,0.8377615948842084
q00842,0.7366900121059057,0.6466900121059057,0.8266900121059056
q00843,0.5762555937259229,0.486255593725923,0.6662555937259229
q00844,0.7734644604748937,0.6834644604748937,0.8634644604748937
q00845,0.5699411018613866,0.4799411018613866,0.6599411018613865
q00846,0.13430633294990607,0.044306332949906074,0.22430633294990607
q00847,0.15025372998106126,0.060253729981061266,0.24025372998106126
q00848,0.13430633294990607,0.044306332949906074,0.22430633294990607
q00849,0.2108473922852255,0.12084739228522551,0.3008473922852255
q00850,0.2108473922852255,0.12084739228522551,0.3008473922852255
q00851,0.19867581137668197,0.10867581137668197,0.28867581137668197
q00852,0.40980410148936824,0.3198041014893682,0.49980410148936827
q00853,0.3776566981600181,0.28765669816001815,0.4676566981600181
q00854,0.3059165613407286,0.2159165613407286,0.3959165613407286
q00855,0.8841522837395176,0.7941522837395176,0.9741522837395176
q00856,0.7779124229283142,0.6879124229283142,0.8679124229283142
q00857,0.8869105970557603,0.7969105970557603,0.9769105970557602
q00858,0.10199769886558549,0.011997698865585493,0.1919976988655855
q00859,0.10515163528225631,0.015151635282256312,0.19515163528225632
q00860,0.20377556703623542,0.11377556703623543,0.2937755670362354
q00861,0.10642827333087092,0.01642827333087092,0.19642827333087093
q00862,0.10286608532381858,0.012866085323818582,0.19286608532381858
q00863,0.1009010201686472,0.010901020168647205,0.19090102016864718
q00864,0.4615382564070841,0.37153825640708416,0.5515382564070841
q00865,0.6138040343750855,0.5238040343750855,0.7038040343750854
q00866,0.4615382564070841,0.37153825640708416,0.5515382564070841
q00867,0.23975504063433173,0.14975504063433173,0.3297550406343317
q00868,0.24148965118978316,0.15148965118978316,0.33148965118978313
q00869,0.2480449733635612,0.15804497336356121,0.3380449733635612
q00870,0.2594646680169715,0.1694646680169715,0.3494646680169715
q00871,0.2911358426225649,0.20113584262256493,0.38113584262256495
q00872,0.25936882299179814,0.16936882299179815,0.34936882299179817
q00873,0.5210358989442271,0.4310358989442271,0.611035898944227
q00874,0.5031426186381965,0.41314261863819657,0.5931426186381965
q00875,0.41392412872006423,0.32392412872006426,0.5039241287200642
q00876,0.10487385732713742,0.014873857327137419,0.1948738573271374
q00877,0.07532598945624491,0.0,0.1653259894562449
q00878,0.07581661024706778,0.0,0.16581661024706779
q00879,0.06338516879125884,0.0,0.15338516879125885
q00880,0.0700059452487867,0.0,0.1600059452487867
q00881,0.06768354170906304,0.0,0.15768354170906304
q00882,0.20920914148183126,0.11920914148183126,0.29920914148183125
q00883,0.20736857658852567,0.11736857658852567,0.29736857658852567
q00884,0.20888852061481888,0.11888852061481889,0.29888852061481885
q00885,0.6211583316455025,0.5311583316455025,0.7111583316455025
q00886,0.7961207300660809,0.7061207300660809,0.8861207300660808
q00887,0.6165467403604769,0.5265467403604769,0.7065467403604768
q00888,0.48149081666333393,0.39149081666333396,0.5714908166633339
q00889,0.4780669956359719,0.3880669956359719,0.5680669956359718
q00890,0.453245345919562,0.36324534591956203,0.543245345919562
q00891,0.47873322028423426,0.3887332202842343,0.5687332202842342
q00892,0.2798829235861252,0.1898829235861252,0.3698829235861252
q00893,0.3947483720425803,0.3047483720425803,0.48474837204258026
q00894,0.47324468334607833,0.3832446833460783,0.5632446833460784
q00895,0.3641571893115455,0.27415718931154553,0.4541571893115455
q00896,0.43644297021460465,0.3464429702146047,0.5264429702146046
q00897,0.2503635213817624,0.16036352138176238,0.3403635213817624
q00898,0.2119336534164642,0.1219336534164642,0.30193365341646416
q00899,0.2389953566800733,0.1489953566800733,0.3289953566800733
